{
  "None": 0,
  "EquityHolder2FrozeShares": 1,
  "EquityHolder2LegalInstitution": 2,
  "EquityHolder2TotalHoldingShares": 3,
  "EquityHolder2TotalHoldingRatio": 4,
  "EquityHolder2StartDate": 5,
  "EquityHolder2EndDate": 6,
  "EquityHolder2UnfrozeDate": 7,
  "FrozeShares2LegalInstitution": 8,
  "FrozeShares2TotalHoldingShares": 9,
  "FrozeShares2TotalHoldingRatio": 10,
  "FrozeShares2StartDate": 11,
  "FrozeShares2EndDate": 12,
  "FrozeShares2UnfrozeDate": 13,
  "LegalInstitution2TotalHoldingShares": 14,
  "LegalInstitution2TotalHoldingRatio": 15,
  "LegalInstitution2StartDate": 16,
  "LegalInstitution2EndDate": 17,
  "LegalInstitution2UnfrozeDate": 18,
  "TotalHoldingShares2TotalHoldingRatio": 19,
  "TotalHoldingShares2StartDate": 20,
  "TotalHoldingShares2EndDate": 21,
  "TotalHoldingShares2UnfrozeDate": 22,
  "TotalHoldingRatio2StartDate": 23,
  "TotalHoldingRatio2EndDate": 24,
  "TotalHoldingRatio2UnfrozeDate": 25,
  "StartDate2EndDate": 26,
  "StartDate2UnfrozeDate": 27,
  "EndDate2UnfrozeDate": 28,
  "CompanyName2HighestTradingPrice": 29,
  "CompanyName2LowestTradingPrice": 30,
  "CompanyName2RepurchasedShares": 31,
  "CompanyName2ClosingDate": 32,
  "CompanyName2RepurchaseAmount": 33,
  "HighestTradingPrice2LowestTradingPrice": 34,
  "HighestTradingPrice2RepurchasedShares": 35,
  "HighestTradingPrice2ClosingDate": 36,
  "HighestTradingPrice2RepurchaseAmount": 37,
  "LowestTradingPrice2RepurchasedShares": 38,
  "LowestTradingPrice2ClosingDate": 39,
  "LowestTradingPrice2RepurchaseAmount": 40,
  "RepurchasedShares2ClosingDate": 41,
  "RepurchasedShares2RepurchaseAmount": 42,
  "ClosingDate2RepurchaseAmount": 43,
  "EquityHolder2TradedShares": 44,
  "EquityHolder2LaterHoldingShares": 45,
  "EquityHolder2AveragePrice": 46,
  "TradedShares2StartDate": 47,
  "TradedShares2EndDate": 48,
  "TradedShares2LaterHoldingShares": 49,
  "TradedShares2AveragePrice": 50,
  "StartDate2LaterHoldingShares": 51,
  "StartDate2AveragePrice": 52,
  "EndDate2LaterHoldingShares": 53,
  "EndDate2AveragePrice": 54,
  "LaterHoldingShares2AveragePrice": 55,
  "Pledger2PledgedShares": 56,
  "Pledger2Pledgee": 57,
  "Pledger2TotalHoldingShares": 58,
  "Pledger2TotalHoldingRatio": 59,
  "Pledger2TotalPledgedShares": 60,
  "Pledger2StartDate": 61,
  "Pledger2EndDate": 62,
  "Pledger2ReleasedDate": 63,
  "PledgedShares2Pledgee": 64,
  "PledgedShares2TotalHoldingShares": 65,
  "PledgedShares2TotalHoldingRatio": 66,
  "PledgedShares2TotalPledgedShares": 67,
  "PledgedShares2StartDate": 68,
  "PledgedShares2EndDate": 69,
  "PledgedShares2ReleasedDate": 70,
  "Pledgee2TotalHoldingShares": 71,
  "Pledgee2TotalHoldingRatio": 72,
  "Pledgee2TotalPledgedShares": 73,
  "Pledgee2StartDate": 74,
  "Pledgee2EndDate": 75,
  "Pledgee2ReleasedDate": 76,
  "TotalHoldingShares2TotalPledgedShares": 77,
  "TotalHoldingShares2ReleasedDate": 78,
  "TotalHoldingRatio2TotalPledgedShares": 79,
  "TotalHoldingRatio2ReleasedDate": 80,
  "TotalPledgedShares2StartDate": 81,
  "TotalPledgedShares2EndDate": 82,
  "TotalPledgedShares2ReleasedDate": 83,
  "StartDate2ReleasedDate": 84,
  "EndDate2ReleasedDate": 85
}
